date, pm25, pm10, o3, no2, so2, co
23/06/2021,86.00,51.00,10.00,11.00,4.29,2.00
22/06/2021,96.00,72.00,8.00,10.00,4.00,2.00
21/06/2021,108.00,82.00,9.00,10.00,5.00,2.00
20/06/2021,63.00,85.00,7.00,9.00,5.00,1.00
19/06/2021,43.00,53.00,10.00,8.00,5.00,1.00
18/06/2021,53.00,33.00,9.00,7.00,5.00,1.00
17/06/2021,20.00,43.00,6.00,7.00,6.00,1.00
16/06/2021,11.00,19.00,9.00,7.00,5.00,1.00
15/06/2021,15.00,16.00,8.00,7.00,8.00,2.00
14/06/2021,18.00,12.00,8.00,7.00,5.00,2.00
13/06/2021,15.00,15.00,9.00,7.00,14.00,2.00
12/06/2021,15.00,13.00,13.00,7.00,5.00,1.00
11/06/2021,22.00,15.00,9.00,7.00,5.00,1.00
10/06/2021,16.00,20.00,8.00,7.00,5.00,1.00
9/06/2021,20.00,15.00,10.00,8.00,4.00,1.00
8/06/2021,43.00,23.00,8.00,8.00,4.00,1.00
7/06/2021,41.00,41.00,10.00,10.00,4.00,2.00
6/06/2021,25.00,30.00,11.00,10.00,4.00,2.00
5/06/2021,38.00,22.00,9.00,9.00,6.00,2.00
4/06/2021,44.00,30.00,13.00,11.00,6.00,2.00
3/06/2021,46.00,33.00,11.00,11.00,3.00,2.00
2/06/2021,50.00,36.00,18.00,12.00,4.00,4.00
1/06/2021,38.00,36.00,14.00,13.00,4.00,3.00
31/05/2021,46.00,33.00,13.00,12.00,4.00,1.00
30/05/2021,64.00,35.00,17.00,10.00,4.00,2.00
29/05/2021,60.00,42.00,19.00,11.00,4.00,2.00
28/05/2021,58.00,49.00,15.00,10.00,4.29,2.00
27/05/2021,62.00,48.00,14.00,9.00,5.00,1.00
26/05/2021,80.00,56.00,15.00,8.00,4.00,1.00
25/05/2021,83.00,73.00,15.00,10.00,4.00,2.00
24/05/2021,82.00,76.00,18.00,11.00,5.00,2.00
23/05/2021,114.00,56.00,18.00,10.00,3.00,2.00
22/05/2021,79.00,70.00,21.00,10.00,2.00,3.00
21/05/2021,81.00,62.00,18.00,10.00,3.00,2.00
20/05/2021,38.00,66.00,18.00,11.00,4.29,3.00
19/05/2021,35.00,40.00,10.00,10.00,3.00,2.00
18/05/2021,58.00,24.00,9.00,10.00,4.00,1.00
17/05/2021,40.00,28.00,10.00,10.00,5.00,1.00
16/05/2021,43.00,27.00,11.00,9.00,4.29,2.00
15/05/2021,20.00,27.00,9.00,8.00,9.00,2.00
14/05/2021,71.00,24.00,9.00,7.00,4.00,2.00
13/05/2021,68.00,44.00,16.00,11.00,4.00,3.00
12/05/2021,64.00,50.00,15.00,10.00,4.00,2.00
11/05/2021,73.00,40.00,20.00,9.00,4.00,2.00
10/05/2021,54.00,52.00,14.00,11.00,4.00,3.00
9/05/2021,36.00,40.00,12.00,12.00,5.00,3.00
8/05/2021,48.00,31.00,10.00,11.00,5.00,2.00
7/05/2021,39.00,40.00,12.00,12.00,4.00,3.00
6/05/2021,54.00,37.00,13.00,12.00,4.00,1.00
5/05/2021,65.00,45.00,14.00,13.00,4.00,2.00
4/05/2021,78.00,52.00,14.00,15.00,3.00,3.00
3/05/2021,68.00,56.00,26.00,17.00,4.00,4.00
2/05/2021,75.00,50.00,25.00,14.00,5.00,3.00
1/05/2021,105.00,55.00,28.00,13.00,4.00,3.00
30/04/2021,86.00,71.00,34.00,14.00,5.00,2.00
29/04/2021,106.00,63.00,38.00,12.00,4.00,2.00
28/04/2021,80.00,73.00,44.00,16.00,5.00,3.00
27/04/2021,84.00,59.00,39.00,15.00,4.00,2.00
26/04/2021,85.00,62.00,44.00,13.00,4.00,3.00
25/04/2021,115.00,61.00,37.00,13.00,5.00,2.00
24/04/2021,101.00,73.00,36.00,13.00,4.00,3.00
23/04/2021,82.00,64.00,37.00,15.00,4.00,3.00
22/04/2021,105.00,56.00,31.00,12.00,3.00,2.00
21/04/2021,108.00,64.00,35.00,14.00,4.00,3.00
20/04/2021,118.00,68.00,32.00,15.00,4.00,3.00
19/04/2021,112.00,75.00,42.00,17.00,5.00,3.00
18/04/2021,98.80,76.00,29.00,18.00,4.00,3.00
17/04/2021,103.00,73.00,34.00,19.00,4.00,4.00
16/04/2021,98.00,68.00,35.00,18.00,4.00,4.00
15/04/2021,82.00,66.00,34.00,22.00,5.00,4.00
14/04/2021,67.00,56.00,33.00,17.00,5.00,3.00
13/04/2021,85.00,44.00,36.00,15.00,5.00,3.00
12/04/2021,88.00,61.00,31.00,14.00,4.00,3.00
11/04/2021,71.00,67.00,29.00,18.00,4.00,4.00
10/04/2021,101.00,54.00,28.00,14.00,3.00,3.00
9/04/2021,127.00,78.00,30.00,14.00,5.00,3.00
8/04/2021,126.00,91.00,32.00,20.00,5.00,4.00
7/04/2021,123.00,89.00,29.00,18.00,5.00,5.00
6/04/2021,132.00,86.00,36.00,15.00,4.00,4.00
5/04/2021,149.00,88.00,38.00,16.00,4.00,5.00
4/04/2021,154.00,102.00,29.00,18.00,10.00,7.00
3/04/2021,137.00,107.00,44.00,19.00,1.00,6.00
2/04/2021,141.00,105.00,43.00,18.00,1.00,4.00
1/04/2021,130.00,111.00,32.00,19.00,1.00,4.00
31/03/2021,122.00,103.00,28.00,17.00,4.29,4.00
30/03/2021,149.00,95.00,32.00,19.00,3.00,5.00
29/03/2021,145.00,93.00,38.00,12.00,2.00,4.00
28/03/2021,143.00,92.00,38.00,13.00,4.29,5.00
27/03/2021,154.00,95.00,36.00,14.00,4.29,5.00
26/03/2021,156.00,104.00,44.00,21.00,3.00,7.00
25/03/2021,151.00,97.00,44.00,20.00,4.29,7.00
24/03/2021,144.00,102.00,39.00,23.00,2.00,6.00
23/03/2021,147.00,90.00,47.00,14.00,2.00,6.00
22/03/2021,158.00,100.00,41.00,14.00,1.00,5.00
21/03/2021,122.00,100.00,50.00,19.00,1.00,7.00
20/03/2021,109.00,82.00,40.00,15.00,4.29,4.00
19/03/2021,109.00,75.00,35.00,16.00,4.29,4.00
18/03/2021,119.00,79.00,36.00,15.00,4.29,4.00
17/03/2021,142.00,77.00,36.00,12.00,4.29,4.00
16/03/2021,112.00,81.00,38.00,16.00,4.29,5.00
15/03/2021,102.00,70.00,38.00,17.00,4.29,4.00
14/03/2021,78.00,66.00,33.00,18.00,4.29,4.00
13/03/2021,61.00,58.00,28.00,17.00,4.29,4.00
12/03/2021,82.00,58.00,22.00,15.00,4.29,3.00
11/03/2021,73.00,66.00,14.00,17.00,4.29,4.00
10/03/2021,91.00,64.00,16.00,18.00,4.29,4.00
9/03/2021,103.00,68.00,32.00,17.00,5.00,4.00
8/03/2021,116.00,68.00,41.00,14.00,6.00,3.00
7/03/2021,122.00,78.00,42.00,16.00,5.00,4.00
6/03/2021,107.00,79.00,46.00,18.00,4.00,5.00
5/03/2021,110.00,72.00,36.00,13.00,6.00,4.00
4/03/2021,123.00,74.00,36.00,5.00,9.00,3.00
3/03/2021,132.00,85.00,38.00,11.00,7.00,6.00
2/03/2021,111.00,91.00,35.00,10.00,7.00,5.00
1/03/2021,122.00,75.00,37.00,10.00,5.00,4.00
28/02/2021,131.00,81.00,33.00,11.00,6.00,4.00
27/02/2021,129.00,89.00,36.00,18.00,7.00,6.00
26/02/2021,129.00,90.00,35.00,16.00,13.00,6.00
25/02/2021,128.00,85.00,37.00,16.00,6.00,5.00
24/02/2021,139.00,83.00,38.00,19.00,10.00,5.00
23/02/2021,143.00,91.00,40.00,23.00,7.00,7.00
22/02/2021,127.00,90.00,39.00,18.00,5.00,6.00
21/02/2021,87.00,74.00,33.00,18.00,5.00,6.00
20/02/2021,132.00,55.00,28.00,12.00,5.00,3.00
19/02/2021,139.00,72.00,34.00,16.00,5.00,4.00
18/02/2021,127.00,70.00,31.00,15.00,5.00,4.00
17/02/2021,120.00,75.00,41.00,14.00,4.00,3.00
16/02/2021,128.00,75.00,38.00,16.00,5.00,3.00
15/02/2021,119.00,77.00,36.00,17.00,5.00,3.00
14/02/2021,112.00,73.00,38.00,19.00,1.00,4.00
13/02/2021,127.00,69.00,36.00,20.00,6.00,3.00
12/02/2021,123.00,75.00,35.00,23.00,5.00,4.00
11/02/2021,133.00,69.00,39.00,19.00,4.00,4.00
10/02/2021,146.00,78.00,40.00,21.00,4.00,4.00
9/02/2021,152.00,91.00,52.00,24.00,6.00,5.00
8/02/2021,127.00,95.00,63.00,31.00,6.00,7.00
7/02/2021,154.00,82.00,39.00,21.00,6.00,3.00
6/02/2021,122.00,101.00,39.00,28.00,7.00,5.00
5/02/2021,116.00,84.00,38.00,27.00,4.00,4.00
4/02/2021,123.00,76.00,38.00,24.00,6.00,4.00
3/02/2021,123.00,86.00,31.00,23.00,6.00,6.00
2/02/2021,134.00,87.00,26.00,19.00,6.00,5.00
1/02/2021,157.00,86.00,29.00,17.00,5.00,5.00
31/01/2021,157.00,88.00,30.00,13.00,5.00,5.00
30/01/2021,144.00,88.00,34.00,12.00,5.00,4.00
29/01/2021,131.00,79.00,36.00,13.00,5.00,4.00
28/01/2021,147.00,73.00,31.00,12.00,5.00,4.00
27/01/2021,139.00,77.00,30.00,10.00,6.00,3.00
26/01/2021,117.00,75.00,36.00,10.00,6.00,3.00
25/01/2021,136.00,69.00,35.00,12.00,5.00,3.00
24/01/2021,134.00,73.00,43.00,14.00,6.00,4.00
23/01/2021,156.00,77.00,42.00,14.00,5.00,4.00
22/01/2021,149.00,89.00,45.00,15.00,5.00,4.00
21/01/2021,134.00,90.00,39.00,20.00,7.00,5.00
20/01/2021,132.00,85.00,33.00,18.00,5.00,4.00
19/01/2021,134.00,75.00,39.00,19.00,5.00,4.00
18/01/2021,125.00,74.00,30.00,16.00,4.00,5.00
17/01/2021,138.00,66.00,29.00,12.00,4.00,3.00
16/01/2021,156.00,73.00,32.00,15.00,6.00,3.00
15/01/2021,160.00,82.00,34.00,16.00,4.00,5.00
14/01/2021,145.00,87.00,36.00,15.00,5.00,5.00
13/01/2021,153.00,73.00,30.00,15.00,4.00,4.00
12/01/2021,144.00,89.00,34.00,20.00,6.00,6.00
11/01/2021,148.00,96.00,31.00,25.00,7.00,8.00
10/01/2021,108.00,89.00,36.00,27.00,6.00,7.00
9/01/2021,86.00,65.00,31.00,17.00,4.00,4.00
8/01/2021,124.00,56.00,26.00,15.00,4.00,3.00
7/01/2021,121.00,73.00,23.00,15.00,6.00,4.00
6/01/2021,114.00,65.00,30.00,19.00,5.00,6.00
5/01/2021,113.00,63.00,21.00,15.00,4.00,5.00
4/01/2021,143.00,65.00,29.00,15.00,5.00,4.00
3/01/2021,162.00,78.00,37.00,16.00,4.00,4.00
2/01/2021,163.00,97.00,41.00,16.00,5.00,6.00
1/01/2021,163.00,98.00,44.00,15.00,5.00,5.00
31/12/2020,163.00,101.00,44.00,15.00,6.00,5.00
30/12/2020,163.00,99.00,41.00,17.00,5.00,5.00
29/12/2020,161.00,101.00,46.00,16.00,6.00,5.00
28/12/2020,160.00,102.00,46.00,19.00,5.00,5.00
27/12/2020,158.00,102.00,46.00,23.00,5.00,7.00
26/12/2020,162.00,105.00,43.00,26.00,7.00,7.00
25/12/2020,163.00,109.00,53.00,27.00,7.00,8.00
24/12/2020,156.00,100.00,47.00,22.00,5.00,6.00
23/12/2020,156.00,91.00,46.00,21.00,5.00,5.00
22/12/2020,114.00,97.00,53.00,28.00,6.00,6.00
21/12/2020,119.00,81.00,38.00,27.00,4.00,6.00
20/12/2020,141.00,77.00,38.00,20.00,9.00,4.00
19/12/2020,153.00,79.00,37.00,17.00,8.00,3.00
18/12/2020,155.00,90.00,33.00,18.00,6.00,4.00
17/12/2020,138.00,89.00,32.00,19.00,5.00,5.00
16/12/2020,149.00,77.00,35.00,23.00,5.00,6.00
15/12/2020,118.00,83.00,33.00,17.00,5.00,5.00
14/12/2020,129.00,73.00,30.00,16.00,5.00,4.00
13/12/2020,150.00,71.00,33.00,15.00,5.00,3.00
12/12/2020,135.00,79.00,37.00,18.00,5.00,4.00
11/12/2020,112.00,73.00,35.00,17.00,5.00,3.00
10/12/2020,127.00,65.00,32.00,17.00,5.00,3.00
9/12/2020,122.00,77.00,36.00,25.00,7.00,6.00
8/12/2020,120.00,80.00,33.00,30.00,18.00,7.00
7/12/2020,119.00,72.00,28.00,24.00,6.00,5.00
6/12/2020,123.00,70.00,26.00,15.00,3.00,4.00
5/12/2020,132.00,70.00,31.00,17.00,5.00,5.00
4/12/2020,128.00,79.00,31.00,17.00,4.00,4.00
3/12/2020,144.00,78.00,27.00,20.00,8.00,5.00
2/12/2020,143.00,85.00,32.00,22.00,7.00,6.00
1/12/2020,136.00,88.00,34.00,19.00,7.00,5.00
30/11/2020,104.00,83.00,35.00,21.00,6.00,6.00
29/11/2020,79.00,68.00,35.00,20.00,4.00,6.00
28/11/2020,86.00,51.00,23.00,14.00,4.00,4.00
27/11/2020,114.00,48.00,16.00,13.00,4.00,3.00
26/11/2020,102.00,54.00,14.00,12.00,4.00,3.00
25/11/2020,127.00,57.00,19.00,12.00,5.00,3.00
24/11/2020,144.00,73.00,25.00,16.00,5.00,4.00
23/11/2020,146.00,88.00,31.00,19.00,9.00,4.00
22/11/2020,141.00,82.00,31.00,18.00,6.00,4.00
21/11/2020,93.00,77.00,29.00,19.00,5.00,5.00
20/11/2020,81.00,66.00,24.00,18.00,4.00,3.00
19/11/2020,76.00,52.00,24.00,15.00,4.00,3.00
18/11/2020,100.00,49.00,17.00,12.00,4.00,3.00
17/11/2020,117.00,56.00,19.00,14.00,4.00,4.00
16/11/2020,115.00,63.00,26.00,15.00,5.00,4.00
15/11/2020,118.00,62.00,25.00,13.00,5.00,3.00
14/11/2020,113.00,65.00,25.00,13.00,5.00,3.00
13/11/2020,88.00,68.00,25.00,17.00,5.00,4.00
12/11/2020,85.00,52.00,19.00,16.00,4.29,4.00
11/11/2020,135.00,50.00,15.00,16.00,5.00,3.00
10/11/2020,159.00,84.00,33.00,20.00,9.00,4.00
9/11/2020,157.00,102.00,42.00,17.00,10.00,4.00
8/11/2020,148.00,95.00,40.00,19.00,10.00,4.00
7/11/2020,162.00,84.00,33.00,17.00,7.00,2.00
6/11/2020,156.00,99.00,33.00,16.00,6.00,4.00
5/11/2020,144.00,93.00,32.00,19.00,8.00,5.00
4/11/2020,154.00,94.00,34.00,19.00,6.00,4.00
3/11/2020,163.00,102.00,33.00,20.00,8.00,4.00
2/11/2020,160.00,107.00,35.00,16.00,11.00,4.00
1/11/2020,157.00,103.00,34.00,18.00,6.00,5.00
31/10/2020,162.00,100.00,37.00,16.00,5.00,5.00
30/10/2020,160.00,104.00,33.00,17.00,5.00,4.00
29/10/2020,159.00,97.00,31.00,19.00,10.00,4.00
28/10/2020,152.00,91.00,29.00,20.00,5.00,5.00
27/10/2020,154.00,88.00,27.00,19.00,4.00,5.00
26/10/2020,146.00,83.00,29.00,16.00,4.00,4.00
25/10/2020,150.00,81.00,26.00,15.00,4.00,5.00
24/10/2020,155.00,78.00,29.00,16.00,3.00,6.00
23/10/2020,159.00,89.00,33.00,18.00,6.00,7.00
22/10/2020,160.00,99.00,32.00,17.00,4.00,6.00
21/10/2020,114.00,90.00,26.00,16.00,5.00,5.00
20/10/2020,113.00,66.00,17.00,13.00,4.00,4.00
19/10/2020,86.00,50.00,14.00,15.00,3.00,5.00
18/10/2020,73.00,48.00,13.00,14.00,5.00,4.00
17/10/2020,72.00,33.00,21.00,14.00,4.00,3.00
16/10/2020,72.00,43.00,18.00,12.00,5.00,2.00
15/10/2020,69.00,43.00,15.00,12.00,6.00,3.00
14/10/2020,49.00,37.00,13.00,12.00,8.00,3.00
13/10/2020,64.00,22.00,8.00,16.00,4.29,3.00
12/10/2020,86.00,25.00,12.00,9.00,14.00,2.00
11/10/2020,71.00,42.00,11.00,11.00,6.00,2.00
10/10/2020,96.00,36.00,10.00,10.00,16.00,2.00
9/10/2020,126.00,53.00,18.00,12.00,8.00,5.00
8/10/2020,140.00,61.00,24.00,12.00,7.00,4.00
7/10/2020,151.00,70.00,20.00,12.00,4.00,4.00
6/10/2020,131.00,80.00,20.00,11.00,3.00,4.00
5/10/2020,111.00,75.00,23.00,11.00,1.00,3.00
4/10/2020,127.00,66.00,21.00,10.00,7.00,3.00
3/10/2020,130.00,69.00,22.00,10.00,2.00,2.00
2/10/2020,124.00,72.00,11.00,10.00,2.00,2.00
1/10/2020,109.00,68.00,26.6,9.00,2.00,2.00
30/09/2020,120.00,55.00,26.6,9.00,2.00,1.00
29/09/2020,106.00,62.00,16.00,11.00,6.00,2.00
28/09/2020,95.00,55.00,18.00,10.00,5.00,2.00
27/09/2020,67.00,51.00,14.00,10.00,6.00,2.00
26/09/2020,42.00,33.00,13.00,9.00,6.00,1.00
25/09/2020,59.00,17.00,11.00,7.00,5.00,1.00
24/09/2020,61.00,28.00,10.00,8.00,6.00,1.00
23/09/2020,57.00,32.00,9.00,7.00,5.00,4.61
22/09/2020,50.00,29.00,12.00,6.00,5.00,1.00
21/09/2020,52.00,22.00,15.00,6.00,6.00,4.61
20/09/2020,79.00,21.00,21.00,6.00,5.00,4.61
19/09/2020,92.00,35.00,28.00,7.00,5.00,1.00
18/09/2020,63.00,44.00,22.00,8.00,5.00,1.00
17/09/2020,58.00,29.00,20.00,7.00,5.00,1.00
16/09/2020,58.00,24.00,22.00,7.00,5.00,1.00
15/09/2020,51.00,25.00,27.00,8.00,5.00,1.00
14/09/2020,65.00,22.00,20.00,7.00,5.00,1.00
13/09/2020,51.00,30.00,16.00,7.00,5.00,1.00
12/09/2020,48.00,19.00,19.00,7.00,5.00,1.00
11/09/2020,93.00,24.00,20.00,7.00,5.00,1.00
10/09/2020,79.00,48.00,19.00,13.00,6.00,2.00
9/09/2020,84.00,43.00,25.00,10.00,5.00,1.00
8/09/2020,84.00,47.00,35.00,11.00,6.00,2.00
7/09/2020,74.00,45.00,48.00,10.00,5.00,1.00
6/09/2020,75.00,37.00,33.00,9.00,5.00,2.00
5/09/2020,70.00,41.00,31.00,11.00,5.00,1.00
4/09/2020,74.00,39.00,29.00,11.00,6.00,2.00
3/09/2020,95.00,40.00,22.00,10.00,5.00,1.00
2/09/2020,94.00,51.00,27.00,11.00,5.00,2.00
1/09/2020,98.00,54.00,18.00,10.00,5.00,2.00
31/08/2020,71.00,57.00,14.00,10.00,5.00,2.00
30/08/2020,57.00,37.00,15.00,9.00,5.00,1.00
29/08/2020,64.00,30.00,15.00,8.00,6.00,4.61
28/08/2020,62.00,34.00,14.00,8.00,5.00,1.00
27/08/2020,68.00,28.00,12.00,8.00,5.00,4.61
26/08/2020,76.00,34.00,10.00,8.00,5.00,1.00
25/08/2020,69.00,45.00,13.00,8.00,5.00,1.00
24/08/2020,57.00,34.00,9.00,8.00,5.00,1.00
23/08/2020,53.00,29.00,12.00,7.00,5.00,4.61
22/08/2020,57.00,26.00,12.00,7.00,5.00,1.00
21/08/2020,49.00,27.00,10.00,6.00,5.00,1.00
20/08/2020,49.00,21.00,9.00,6.00,5.00,4.61
19/08/2020,52.00,20.00,8.00,7.00,5.00,4.61
18/08/2020,60.00,21.00,8.00,7.00,5.00,4.61
17/08/2020,49.00,28.00,10.00,7.00,5.00,1.00
16/08/2020,44.00,19.00,8.00,7.00,5.00,4.61
15/08/2020,58.00,15.00,8.00,6.00,5.00,4.61
14/08/2020,61.00,21.00,6.00,6.00,5.00,1.00
13/08/2020,48.00,31.00,5.00,7.00,5.00,4.61
12/08/2020,98.80,17.00,1.00,12.00,5.00,4.61
11/08/2020,15.00,63.33,26.6,15.3,4.29,4.61
10/08/2020,98.80,11.00,2.00,15.3,4.29,2.00
8/08/2020,55.00,63.33,26.6,15.3,4.29,4.61
7/08/2020,57.00,28.00,9.00,1.00,10.00,1.00
6/08/2020,60.00,25.00,10.00,4.00,1.00,1.00
5/08/2020,33.00,29.00,15.00,6.00,5.00,1.00
4/08/2020,41.00,16.00,12.00,5.00,1.00,1.00
3/08/2020,43.00,26.00,13.00,5.00,1.00,1.00
2/08/2020,98.80,21.00,9.00,5.00,4.00,1.00
1/08/2020,85.00,63.33,26.6,15.3,4.29,4.61
31/07/2020,71.00,46.00,17.00,10.00,16.00,5.00
30/07/2020,58.00,37.00,13.00,11.00,9.00,3.00
29/07/2020,55.00,35.00,14.00,10.00,1.00,3.00
28/07/2020,52.00,28.00,17.00,11.00,1.00,2.00
27/07/2020,51.00,27.00,19.00,9.00,5.00,1.00
26/07/2020,52.00,24.00,18.00,8.00,5.00,2.00
25/07/2020,63.00,63.33,17.00,9.00,5.00,4.61
24/07/2020,56.00,41.00,15.00,9.00,5.00,2.00
23/07/2020,66.00,30.00,15.00,9.00,1.00,1.00
22/07/2020,63.00,36.00,10.00,9.00,1.00,2.00
21/07/2020,54.00,30.00,26.00,11.00,5.00,2.00
20/07/2020,55.00,25.00,23.00,8.00,5.00,2.00
19/07/2020,59.00,27.00,23.00,10.00,5.00,2.00
18/07/2020,65.00,32.00,17.00,9.00,5.00,2.00
17/07/2020,55.00,34.00,20.00,8.00,5.00,1.00
16/07/2020,42.00,28.00,18.00,7.00,5.00,1.00
15/07/2020,39.00,20.00,16.00,6.00,4.00,1.00
14/07/2020,53.00,18.00,11.00,8.00,5.00,1.00
13/07/2020,65.00,24.00,11.00,7.00,9.00,2.00
12/07/2020,71.00,40.00,20.00,10.00,5.00,2.00
11/07/2020,60.00,63.33,18.00,8.00,5.00,1.00
10/07/2020,54.00,31.00,14.00,8.00,5.00,1.00
9/07/2020,46.00,26.00,17.00,7.00,5.00,4.61
8/07/2020,41.00,23.00,18.00,8.00,5.00,1.00
7/07/2020,62.00,21.00,16.00,7.00,5.00,1.00
6/07/2020,72.00,34.00,17.00,7.00,5.00,4.61
5/07/2020,63.00,44.00,15.00,8.00,5.00,1.00
4/07/2020,47.00,31.00,15.00,7.00,5.00,1.00
3/07/2020,36.00,24.00,14.00,7.00,1.00,1.00
2/07/2020,42.00,17.00,13.00,7.00,8.00,1.00
1/07/2020,57.00,20.00,13.00,8.00,5.00,1.00
30/06/2020,64.00,30.00,15.00,9.00,5.00,1.00
29/06/2020,67.00,35.00,16.00,10.00,5.00,2.00
28/06/2020,47.00,37.00,19.00,11.00,6.00,2.00
27/06/2020,78.00,27.00,18.00,9.00,7.00,1.00
26/06/2020,89.00,41.00,27.00,10.00,6.00,2.00
25/06/2020,82.00,49.00,23.00,11.00,5.00,2.00
24/06/2020,78.00,47.00,28.00,10.00,5.00,2.00
23/06/2020,83.00,46.00,19.00,10.00,5.00,2.00
22/06/2020,81.00,50.00,12.00,9.00,5.00,1.00
21/06/2020,83.00,48.00,13.00,8.00,5.00,1.00
20/06/2020,81.00,48.00,11.00,7.00,5.00,1.00
19/06/2020,72.00,46.00,16.00,7.00,5.00,1.00
18/06/2020,65.00,43.00,10.00,7.00,5.00,1.00
17/06/2020,45.00,35.00,15.00,7.00,6.00,4.61
16/06/2020,53.00,22.00,12.00,6.00,5.00,1.00
15/06/2020,58.00,29.00,11.00,7.00,5.00,2.00
14/06/2020,48.00,28.00,17.00,7.00,5.00,1.00
13/06/2020,54.00,22.00,21.00,8.00,5.00,1.00
12/06/2020,61.00,25.00,17.00,8.00,5.00,1.00
11/06/2020,57.00,28.00,32.00,8.00,5.00,1.00
10/06/2020,65.00,31.00,19.00,8.00,6.00,1.00
9/06/2020,61.00,34.00,16.00,9.00,5.00,2.00
8/06/2020,68.00,40.00,14.00,9.00,5.00,1.00
7/06/2020,65.00,53.00,10.00,8.00,5.00,1.00
6/06/2020,74.00,43.00,11.00,9.00,5.00,1.00
5/06/2020,59.00,57.00,9.00,10.00,5.00,1.00
4/06/2020,46.00,55.00,10.00,10.00,4.00,1.00
3/06/2020,27.00,27.00,11.00,9.00,5.00,4.61
2/06/2020,98.80,22.00,10.00,9.00,6.00,1.00
1/06/2020,98.80,19.00,99.00,9.00,5.00,2.00
31/05/2020,62.00,52.00,231.00,13.00,5.00,3.00
30/05/2020,49.00,50.00,19.00,12.00,6.00,2.00
29/05/2020,55.00,44.00,22.00,11.00,5.00,1.00
28/05/2020,71.00,59.00,19.00,9.00,5.00,4.61
27/05/2020,77.00,68.00,22.00,9.00,6.00,2.00
26/05/2020,83.00,63.00,29.00,8.00,6.00,1.00
25/05/2020,87.00,64.00,29.00,8.00,6.00,2.00
24/05/2020,93.00,69.00,31.00,8.00,6.00,2.00
23/05/2020,101.00,77.00,38.00,9.00,6.00,2.00
22/05/2020,93.00,90.00,32.00,12.00,7.00,3.00
21/05/2020,72.00,87.00,25.00,13.00,8.00,3.00
20/05/2020,80.00,75.00,24.00,10.00,9.00,2.00
19/05/2020,96.00,79.00,24.00,10.00,7.00,1.00
18/05/2020,66.00,83.00,27.00,11.00,8.00,3.00
17/05/2020,70.00,54.00,25.00,10.00,6.00,2.00
16/05/2020,63.00,57.00,24.00,10.00,6.00,2.00
15/05/2020,47.00,45.00,16.00,10.00,6.00,2.00
14/05/2020,57.00,42.00,18.00,10.00,6.00,1.00
13/05/2020,48.00,44.00,12.00,10.00,5.00,2.00
12/05/2020,63.00,45.00,14.00,10.00,6.00,4.61
11/05/2020,67.00,52.00,9.00,11.00,5.00,1.00
10/05/2020,50.00,52.00,4.00,11.00,2.00,4.61
9/05/2020,63.00,38.00,17.00,11.00,2.00,2.00
8/05/2020,68.00,48.00,24.00,9.00,6.00,4.61
7/05/2020,71.00,49.00,23.00,10.00,5.00,1.00
6/05/2020,65.00,51.00,22.00,10.00,5.00,2.00
5/05/2020,81.00,48.00,24.00,10.00,5.00,3.00
4/05/2020,74.00,60.00,30.00,11.00,5.00,3.00
3/05/2020,82.00,54.00,24.00,11.00,5.00,3.00
2/05/2020,64.00,58.00,20.00,12.00,5.00,2.00
1/05/2020,60.00,44.00,19.00,11.00,5.00,4.00
30/04/2020,59.00,32.00,14.00,10.00,5.00,8.00
29/04/2020,43.00,41.00,16.00,11.00,5.00,2.00
28/04/2020,60.00,32.00,15.00,11.00,1.00,1.00
27/04/2020,54.00,43.00,8.00,11.00,3.00,2.00
26/04/2020,73.00,44.00,7.00,10.00,5.00,3.00
25/04/2020,76.00,47.00,8.00,11.00,4.00,3.00
24/04/2020,70.00,55.00,6.00,12.00,5.00,3.00
23/04/2020,66.00,49.00,6.00,12.00,4.00,2.00
22/04/2020,59.00,47.00,4.00,12.00,2.00,3.00
21/04/2020,49.00,38.00,3.00,14.00,4.00,1.00
20/04/2020,62.00,31.00,2.00,15.00,3.00,6.00
19/04/2020,72.00,42.00,2.00,15.00,4.00,1.00
18/04/2020,93.00,47.00,2.00,17.00,4.00,1.00
17/04/2020,92.00,55.00,26.6,20.00,5.00,4.61
16/04/2020,86.00,57.00,7.00,11.00,4.00,3.00
15/04/2020,80.00,55.00,6.00,12.00,5.00,3.00
14/04/2020,86.00,55.00,6.00,11.00,4.00,2.00
13/04/2020,84.00,58.00,5.00,12.00,2.00,2.00
12/04/2020,77.00,53.00,4.00,12.00,4.00,4.00
11/04/2020,59.00,47.00,3.00,15.00,4.00,2.00
10/04/2020,58.00,36.00,18.00,38.00,4.00,2.00
9/04/2020,76.00,33.00,7.00,46.00,7.00,7.00
8/04/2020,65.00,49.00,18.00,23.00,3.00,4.00
7/04/2020,60.00,41.00,23.00,21.00,4.29,6.00
6/04/2020,75.00,34.00,17.00,28.00,5.00,5.00
5/04/2020,83.00,54.00,20.00,24.00,4.29,4.00
4/04/2020,97.00,49.00,18.00,24.00,4.29,4.00
3/04/2020,96.00,53.00,16.00,26.00,1.00,4.00
2/04/2020,106.00,55.00,20.00,22.00,3.00,6.00
1/04/2020,111.00,58.00,23.00,22.00,4.29,2.00
31/03/2020,104.00,61.00,21.00,22.00,3.00,3.00
30/03/2020,88.00,56.00,24.00,22.00,3.00,3.00
29/03/2020,99.00,53.00,22.00,22.00,1.00,2.00
28/03/2020,76.00,59.00,23.00,20.00,5.00,4.00
27/03/2020,80.00,48.00,25.00,1.00,1.00,1.00
26/03/2020,71.00,53.00,20.00,15.3,1.00,1.00
25/03/2020,67.00,49.00,18.00,15.3,4.00,2.00
24/03/2020,71.00,47.00,18.00,15.3,3.00,2.00
23/03/2020,89.00,50.00,20.00,15.3,4.00,3.00
22/03/2020,87.00,57.00,20.00,15.3,3.00,3.00
21/03/2020,90.00,56.00,21.00,15.3,1.00,2.00
20/03/2020,73.00,66.00,23.00,15.3,3.00,3.00
19/03/2020,95.00,55.00,22.00,15.3,4.00,2.00
18/03/2020,57.00,69.00,21.00,13.00,3.00,5.00
17/03/2020,51.00,51.00,13.00,10.00,4.00,2.00
16/03/2020,60.00,51.00,14.00,9.00,3.00,1.00
15/03/2020,76.00,51.00,13.00,10.00,3.00,2.00
14/03/2020,70.00,60.00,18.00,11.00,3.00,2.00
13/03/2020,60.00,59.00,17.00,12.00,3.00,3.00
12/03/2020,75.00,57.00,14.00,12.00,3.00,2.00
11/03/2020,70.00,61.00,20.00,14.00,3.00,3.00
10/03/2020,59.00,55.00,15.00,12.00,3.00,5.00
9/03/2020,73.00,47.00,17.00,5.00,3.00,4.61
8/03/2020,77.00,57.00,14.00,1.00,3.00,4.61
7/03/2020,86.00,51.00,17.00,9.00,3.00,4.61
6/03/2020,78.00,66.00,18.00,11.00,4.00,4.61
5/03/2020,117.00,66.00,14.00,11.00,4.00,4.61
4/03/2020,101.00,83.00,24.00,17.00,5.00,4.61
3/03/2020,119.00,78.00,19.00,15.00,4.00,4.61
2/03/2020,96.00,79.00,13.00,17.00,4.29,4.61
1/03/2020,95.00,65.00,21.00,15.00,3.00,4.61
29/02/2020,96.00,66.00,24.00,14.00,3.00,4.61
28/02/2020,101.00,65.00,21.00,14.00,3.00,4.61
27/02/2020,90.00,72.00,23.00,18.00,4.00,4.61
26/02/2020,123.00,73.00,24.00,18.00,5.00,4.61
25/02/2020,96.00,83.00,25.00,17.00,6.00,4.61
24/02/2020,74.00,69.00,21.00,14.00,3.00,4.61
23/02/2020,63.00,58.00,20.00,13.00,3.00,4.61
22/02/2020,71.00,49.00,18.00,14.00,3.00,4.61
21/02/2020,80.00,57.00,17.00,16.00,3.00,4.61
20/02/2020,106.00,57.00,18.00,14.00,3.00,4.61
19/02/2020,104.00,66.00,20.00,15.00,3.00,4.61
18/02/2020,90.00,74.00,26.00,21.00,4.00,4.61
17/02/2020,125.00,75.00,19.00,24.00,6.00,4.61
16/02/2020,140.00,83.00,24.00,23.00,4.00,4.61
15/02/2020,128.00,85.00,26.00,25.00,5.00,4.61
14/02/2020,141.00,93.00,26.00,31.00,5.00,4.61
13/02/2020,127.00,97.00,24.00,34.00,7.00,4.61
12/02/2020,112.00,82.00,21.00,23.00,5.00,4.61
11/02/2020,96.00,68.00,17.00,19.00,4.00,4.61
10/02/2020,87.00,59.00,17.00,16.00,3.00,4.61
9/02/2020,92.00,53.00,14.00,16.00,3.00,4.61
8/02/2020,85.00,54.00,8.00,15.00,3.00,4.61
7/02/2020,73.00,59.00,14.00,15.00,3.00,4.61
6/02/2020,69.00,62.00,17.00,13.00,3.00,4.61
5/02/2020,77.00,61.00,16.00,16.00,3.00,4.61
4/02/2020,60.00,60.00,14.00,20.00,4.29,4.61
3/02/2020,71.00,53.00,13.00,17.00,4.29,4.61
2/02/2020,80.00,62.00,12.00,17.00,3.00,4.61
1/02/2020,77.00,54.00,12.00,15.00,4.29,4.61
31/01/2020,124.00,59.00,11.00,35.00,2.00,4.61
30/01/2020,145.00,81.00,22.00,17.00,5.00,4.61
29/01/2020,120.00,100.00,25.00,16.00,1.00,4.61
28/01/2020,103.00,87.00,29.00,16.00,3.00,4.61
27/01/2020,118.00,72.00,21.00,8.00,13.00,4.61
26/01/2020,124.00,77.00,19.00,14.00,1.00,4.61
25/01/2020,139.00,84.00,21.00,16.00,1.00,4.61
24/01/2020,118.00,89.00,20.00,22.00,4.00,4.61
23/01/2020,111.00,79.00,16.00,25.00,4.29,4.61
22/01/2020,78.00,72.00,17.00,19.00,3.00,4.61
21/01/2020,73.00,57.00,16.00,13.00,3.00,4.61
20/01/2020,77.00,59.00,15.00,13.00,1.00,4.61
19/01/2020,66.00,59.00,15.00,12.00,4.29,4.61
18/01/2020,69.00,50.00,17.00,10.00,4.29,4.61
17/01/2020,59.00,52.00,15.00,12.00,4.00,4.61
16/01/2020,70.00,46.00,13.00,11.00,4.29,4.61
15/01/2020,98.00,50.00,14.00,9.00,4.29,4.61
14/01/2020,147.00,57.00,16.00,8.00,4.29,4.61
13/01/2020,135.00,84.00,25.00,15.00,4.29,4.61
12/01/2020,138.00,85.00,20.00,22.00,5.00,4.61
11/01/2020,152.00,87.00,20.00,18.00,2.00,4.61
10/01/2020,154.00,86.00,19.00,18.00,5.00,4.61
9/01/2020,96.00,81.00,17.00,13.00,1.00,4.61
8/01/2020,83.00,63.00,10.00,13.00,4.00,4.61
7/01/2020,110.00,58.00,11.00,11.00,4.29,4.61
6/01/2020,116.00,64.00,13.00,12.00,4.29,26.00
5/01/2020,140.00,66.00,14.00,13.00,2.00,15.00
4/01/2020,120.00,74.00,16.00,13.00,4.00,4.00
3/01/2020,61.00,68.00,16.00,12.00,4.29,6.00
2/01/2020,59.00,42.00,11.00,9.00,4.29,5.00
1/01/2020,85.00,42.00,11.00,12.00,4.29,5.00
31/12/2019,98.80,52.00,13.00,10.00,1.00,5.00
29/12/2019,156.00,63.33,26.6,15.3,4.29,4.61
28/12/2019,154.00,89.00,21.00,15.00,3.00,7.00
27/12/2019,123.00,85.00,18.00,14.00,6.00,5.00
26/12/2019,131.00,80.00,17.00,14.00,4.00,7.00
25/12/2019,144.00,75.00,19.00,12.00,4.00,6.00
24/12/2019,125.00,77.00,20.00,11.00,3.00,6.00
23/12/2019,144.00,70.00,18.00,11.00,4.29,4.00
22/12/2019,153.00,80.00,18.00,15.00,4.29,5.00
21/12/2019,158.00,83.00,19.00,14.00,4.29,4.00
20/12/2019,159.00,92.00,23.00,17.00,3.00,10.00
19/12/2019,156.00,94.00,22.00,24.00,1.00,11.00
18/12/2019,152.00,89.00,19.00,19.00,4.29,10.00
17/12/2019,141.00,90.00,19.00,20.00,3.00,10.00
16/12/2019,102.00,78.00,17.00,21.00,11.00,9.00
15/12/2019,86.00,66.00,15.00,15.00,13.00,7.00
14/12/2019,77.00,54.00,14.00,10.00,4.29,5.00
13/12/2019,66.00,54.00,16.00,14.00,4.29,5.00
12/12/2019,94.00,50.00,16.00,12.00,1.00,4.00
11/12/2019,126.00,64.00,17.00,16.00,4.29,6.00
10/12/2019,107.00,75.00,22.00,19.00,2.00,10.00
9/12/2019,112.00,70.00,36.00,18.00,4.29,9.00
8/12/2019,131.00,67.00,18.00,18.00,4.29,7.00
7/12/2019,157.00,74.00,21.00,17.00,3.00,6.00
6/12/2019,162.00,91.00,24.00,18.00,4.29,8.00
5/12/2019,158.00,98.00,22.00,20.00,6.00,8.00
4/12/2019,157.00,93.00,21.00,22.00,4.29,11.00
3/12/2019,101.00,84.00,19.00,16.00,3.00,7.00
2/12/2019,94.00,55.00,16.00,15.00,4.29,9.00
1/12/2019,121.00,55.00,14.00,12.00,4.29,6.00
30/11/2019,132.00,69.00,15.00,14.00,4.00,4.00
29/11/2019,130.00,76.00,18.00,19.00,4.29,8.00
28/11/2019,148.00,75.00,20.00,17.00,4.29,8.00
27/11/2019,145.00,82.00,19.00,17.00,4.00,10.00
26/11/2019,155.00,83.00,19.00,17.00,4.29,9.00
25/11/2019,161.00,86.00,24.00,15.00,1.00,3.00
24/11/2019,158.00,95.00,24.00,19.00,1.00,4.00
23/11/2019,152.00,91.00,26.00,19.00,1.00,4.00
22/11/2019,156.00,93.00,23.00,21.00,2.00,4.00
21/11/2019,158.00,91.00,26.00,22.00,3.00,3.00
20/11/2019,162.00,88.00,23.00,16.00,3.00,2.00
19/11/2019,161.00,98.00,25.00,18.00,1.00,3.00
18/11/2019,150.00,102.00,29.00,17.00,3.00,4.00
17/11/2019,98.80,95.00,20.00,22.00,3.00,4.00
16/11/2019,141.00,63.33,26.6,15.3,4.29,4.61
15/11/2019,145.00,80.00,26.00,16.00,1.00,2.00
14/11/2019,139.00,83.00,21.00,19.00,4.00,3.00
13/11/2019,121.00,77.00,21.00,14.00,1.00,2.00
12/11/2019,112.00,76.00,24.00,16.00,1.00,2.00
11/11/2019,128.00,81.00,17.00,15.00,1.00,1.00
10/11/2019,139.00,71.00,17.00,17.00,1.00,4.00
9/11/2019,156.00,84.00,25.00,14.00,1.00,4.00
8/11/2019,139.00,91.00,22.00,15.00,1.00,5.00
7/11/2019,139.00,81.00,18.00,16.00,4.29,8.00
6/11/2019,156.00,79.00,19.00,16.00,4.29,4.00
5/11/2019,160.00,101.00,20.00,19.00,4.29,6.00
4/11/2019,120.00,101.00,18.00,19.00,1.00,6.00
3/11/2019,80.00,76.00,18.00,15.00,4.29,7.00
2/11/2019,62.00,55.00,16.00,14.00,4.29,6.00
1/11/2019,54.00,47.00,13.00,14.00,4.29,5.00
31/10/2019,47.00,39.00,10.00,12.00,4.29,2.00
30/10/2019,80.00,36.00,9.00,12.00,4.29,3.00
29/10/2019,88.00,51.00,12.00,14.00,4.29,4.00
28/10/2019,112.00,52.00,11.00,14.00,4.29,5.00
27/10/2019,60.00,68.00,12.00,10.00,4.29,4.00
26/10/2019,36.00,34.00,9.00,7.00,4.29,3.00
25/10/2019,44.00,28.00,7.00,8.00,4.29,3.00
24/10/2019,44.00,32.00,8.00,10.00,4.29,3.00
23/10/2019,76.00,34.00,5.00,8.00,4.29,4.00
22/10/2019,86.00,48.00,9.00,12.00,4.29,4.00
21/10/2019,44.00,57.00,11.00,14.00,4.29,6.00
20/10/2019,58.00,30.00,11.00,11.00,4.29,3.00
19/10/2019,52.00,34.00,10.00,11.00,4.29,4.00
18/10/2019,58.00,36.00,11.00,12.00,4.29,2.00
17/10/2019,100.00,38.00,11.00,12.00,4.29,4.00
16/10/2019,128.00,55.00,11.00,15.00,4.29,4.00
15/10/2019,110.00,66.00,15.00,15.00,4.29,5.00
14/10/2019,103.00,60.00,15.00,12.00,4.29,3.00
13/10/2019,82.00,60.00,13.00,12.00,4.29,4.00
12/10/2019,73.00,46.00,17.00,13.00,4.29,5.00
11/10/2019,72.00,43.00,16.00,12.00,4.29,3.00
10/10/2019,85.00,40.00,14.00,13.00,4.29,4.00
9/10/2019,115.00,47.00,13.00,19.00,4.29,4.00
8/10/2019,116.00,55.00,14.00,12.00,4.29,5.00
7/10/2019,107.00,60.00,16.00,11.00,4.29,4.00
6/10/2019,87.00,60.00,17.00,13.00,4.29,4.00
5/10/2019,88.00,47.00,17.00,11.00,4.29,4.00
4/10/2019,74.00,54.00,14.00,12.00,4.29,5.00
3/10/2019,75.00,53.00,13.00,12.00,4.29,4.00
2/10/2019,75.00,52.00,12.00,12.00,4.29,4.00
1/10/2019,83.00,51.00,11.00,12.00,4.29,4.00
30/09/2019,88.00,47.00,11.00,12.00,4.29,5.00
29/09/2019,73.00,49.00,8.00,16.00,4.29,7.00
28/09/2019,60.00,42.00,8.00,10.00,4.29,4.00
27/09/2019,27.00,34.00,9.00,6.00,4.29,2.00
26/09/2019,49.00,19.00,7.00,6.00,4.29,2.00
25/09/2019,58.00,28.00,6.00,8.00,4.29,4.61
24/09/2019,68.00,26.00,8.00,11.00,4.29,1.00
23/09/2019,75.00,35.00,9.00,16.00,4.29,1.00
22/09/2019,67.00,45.00,6.00,13.00,4.29,2.00
21/09/2019,67.00,43.00,10.00,13.00,4.29,1.00
20/09/2019,55.00,47.00,9.00,9.00,4.29,4.61
19/09/2019,64.00,30.00,7.00,10.00,4.29,1.00
18/09/2019,55.00,35.00,7.00,9.00,4.29,2.00
17/09/2019,67.00,32.00,20.00,11.00,4.29,1.00
16/09/2019,62.00,42.00,9.00,7.00,4.29,1.00
15/09/2019,43.00,41.00,8.00,7.00,4.29,3.00
14/09/2019,50.00,29.00,8.00,7.00,4.29,6.00
13/09/2019,52.00,34.00,9.00,8.00,4.29,1.00
12/09/2019,57.00,37.00,5.00,6.00,4.29,1.00
11/09/2019,56.00,44.00,4.00,7.00,2.00,2.00
10/09/2019,45.00,46.00,8.00,7.00,4.29,2.00
9/09/2019,38.00,33.00,9.00,6.00,4.29,2.00
8/09/2019,28.00,31.00,6.00,6.00,4.29,2.00
7/09/2019,33.00,21.00,26.6,5.00,4.29,2.00
6/09/2019,31.00,23.00,26.6,6.00,4.29,1.00
5/09/2019,19.00,22.00,5.00,6.00,4.29,1.00
4/09/2019,15.00,17.00,7.00,5.00,4.29,1.00
3/09/2019,15.00,14.00,7.00,4.00,4.29,1.00
2/09/2019,27.00,14.00,6.00,4.00,4.29,1.00
1/09/2019,18.00,15.00,7.00,4.00,4.29,2.00
31/08/2019,21.00,12.00,6.00,4.00,4.29,3.00
30/08/2019,19.00,17.00,8.00,4.00,4.29,2.00
29/08/2019,28.00,18.00,7.00,6.00,4.29,3.00
28/08/2019,40.00,33.00,9.00,6.00,4.29,3.00
27/08/2019,44.00,49.00,14.00,6.00,4.29,2.00
26/08/2019,39.00,51.00,14.00,6.00,4.29,1.00
25/08/2019,23.00,36.00,12.00,6.00,4.29,2.00
24/08/2019,33.00,24.00,11.00,4.00,4.29,2.00
23/08/2019,49.00,25.00,10.00,6.00,4.29,2.00
22/08/2019,33.00,38.00,10.00,6.00,4.29,2.00
21/08/2019,58.00,31.00,10.00,6.00,4.29,2.00
20/08/2019,59.00,49.00,10.00,8.00,4.29,2.00
19/08/2019,98.80,54.00,8.00,7.00,4.29,2.00
18/08/2019,77.00,63.33,26.6,15.3,4.29,4.61
17/08/2019,46.00,82.00,2.00,9.00,4.29,5.00
16/08/2019,33.00,48.00,12.00,7.00,4.29,3.00
15/08/2019,45.00,41.00,9.00,7.00,4.29,4.00
14/08/2019,53.00,39.00,10.00,6.00,4.29,2.00
13/08/2019,62.00,47.00,11.00,7.00,4.29,2.00
12/08/2019,47.00,53.00,9.00,8.00,4.29,5.00
11/08/2019,42.00,40.00,9.00,6.00,4.29,7.00
10/08/2019,28.00,41.00,9.00,5.00,4.29,8.00
9/08/2019,27.00,33.00,10.00,5.00,4.29,5.00
8/08/2019,25.00,30.00,9.00,3.00,4.29,7.00
7/08/2019,14.00,29.00,7.00,4.00,4.29,8.00
6/08/2019,9.00,16.00,6.00,4.00,4.29,7.00
5/08/2019,11.00,14.00,7.00,4.00,4.29,12.00
4/08/2019,6.00,11.00,7.00,4.00,4.29,7.00
3/08/2019,10.00,7.00,26.6,3.00,4.29,
2/08/2019,7.00,8.00,6.00,3.00,4.29,3.00
1/08/2019,18.00,10.00,6.00,4.00,4.29,2.00
31/07/2019,21.00,17.00,7.00,4.00,4.29,2.00
30/07/2019,17.00,18.00,8.00,5.00,4.29,2.00
29/07/2019,28.00,14.00,8.00,4.00,4.29,3.00
28/07/2019,39.00,24.00,7.00,5.00,4.29,3.00
27/07/2019,32.00,31.00,7.00,5.00,4.29,3.00
26/07/2019,32.00,26.00,9.00,5.00,4.29,3.00
25/07/2019,23.00,25.00,8.00,5.00,4.29,2.00
24/07/2019,25.00,24.00,11.00,6.00,4.29,3.00
23/07/2019,14.00,32.00,11.00,5.00,4.29,2.00
22/07/2019,20.00,23.00,13.00,5.00,4.29,2.00
21/07/2019,34.00,24.00,16.00,6.00,4.29,3.00
20/07/2019,39.00,25.00,14.00,5.00,4.29,3.00
19/07/2019,66.00,23.00,18.00,5.00,4.29,3.00
18/07/2019,60.00,47.00,22.00,9.00,4.29,4.00
17/07/2019,47.00,52.00,16.00,7.00,4.29,3.00
16/07/2019,49.00,44.00,14.00,6.00,4.29,2.00
15/07/2019,30.00,49.00,12.00,6.00,4.29,4.00
14/07/2019,36.00,30.00,11.00,4.00,4.29,2.00
13/07/2019,16.00,37.00,12.00,5.00,4.29,3.00
12/07/2019,28.00,26.00,11.00,3.00,1.00,2.00
11/07/2019,30.00,29.00,12.00,4.00,4.29,2.00
10/07/2019,28.00,34.00,11.00,3.00,4.29,3.00
9/07/2019,38.00,27.00,13.00,2.00,4.29,2.00
8/07/2019,43.00,30.00,13.00,2.00,4.29,2.00
7/07/2019,40.00,38.00,13.00,2.00,4.29,3.00
6/07/2019,39.00,37.00,13.00,2.00,4.29,2.00
5/07/2019,36.00,36.00,12.00,2.00,4.29,2.00
4/07/2019,38.00,29.00,11.00,3.00,4.29,2.00
3/07/2019,48.00,32.00,12.00,2.00,4.29,2.00
2/07/2019,38.00,35.00,13.00,3.00,4.29,2.00
1/07/2019,40.00,21.00,12.00,3.00,4.29,3.00
30/06/2019,35.00,28.00,12.00,3.00,4.29,3.00
29/06/2019,26.00,22.00,18.00,3.00,4.29,3.00
28/06/2019,32.00,16.00,14.00,4.00,4.29,3.00
27/06/2019,22.00,20.00,14.00,3.00,4.29,3.00
26/06/2019,38.00,20.00,15.00,3.00,4.29,2.00
25/06/2019,53.00,31.00,18.00,5.00,4.29,2.00
24/06/2019,49.00,37.00,20.00,10.00,4.29,4.00
23/06/2019,55.00,34.00,24.00,6.00,4.29,2.00
22/06/2019,49.00,40.00,20.00,7.00,4.29,3.00
21/06/2019,62.00,31.00,27.00,5.00,4.29,3.00
20/06/2019,38.00,52.00,25.00,6.00,4.29,3.00
19/06/2019,52.00,44.00,21.00,3.00,4.29,3.00
18/06/2019,52.00,55.00,19.00,3.00,4.29,3.00
17/06/2019,53.00,51.00,19.00,3.00,4.29,2.00
16/06/2019,56.00,54.00,15.00,2.00,4.29,2.00
15/06/2019,56.00,48.00,16.00,2.00,4.29,2.00
14/06/2019,41.00,49.00,19.00,3.00,4.29,2.00
13/06/2019,23.00,33.00,20.00,3.00,4.29,2.00
12/06/2019,28.00,21.00,17.00,3.00,4.29,2.00
11/06/2019,32.00,26.00,20.00,3.00,4.29,3.00
10/06/2019,61.00,33.00,25.00,6.00,4.29,3.00
9/06/2019,74.00,39.00,34.00,6.00,4.29,3.00
8/06/2019,79.00,47.00,39.00,9.00,4.29,4.00
7/06/2019,75.00,50.00,36.00,9.00,4.29,4.00
6/06/2019,93.00,53.00,37.00,9.00,1.00,3.00
5/06/2019,82.00,71.00,35.00,10.00,4.29,3.00
4/06/2019,66.00,64.00,37.00,11.00,4.29,4.00
3/06/2019,70.00,44.00,35.00,9.00,4.29,3.00
2/06/2019,97.00,51.00,27.00,5.00,4.29,4.00
1/06/2019,82.00,81.00,37.00,10.00,1.00,5.00
31/05/2019,91.00,63.00,29.00,8.00,4.29,4.00
30/05/2019,103.00,72.00,32.00,8.00,1.00,6.00
29/05/2019,120.00,81.00,48.00,8.00,1.00,5.00
28/05/2019,98.00,95.00,50.00,19.00,3.00,7.00
27/05/2019,97.00,85.00,33.00,15.00,2.00,5.00
26/05/2019,112.00,77.00,35.00,11.00,2.00,4.00
25/05/2019,113.00,94.00,34.00,22.00,3.00,7.00
24/05/2019,91.00,82.00,22.00,17.00,2.00,7.00
23/05/2019,105.00,65.00,39.00,15.00,1.00,6.00
22/05/2019,86.00,79.00,42.00,8.00,2.00,4.00
21/05/2019,100.00,66.00,43.00,10.00,2.00,4.00
20/05/2019,118.00,76.00,40.00,7.00,1.00,4.00
19/05/2019,129.00,84.00,45.00,9.00,1.00,5.00
18/05/2019,107.00,100.00,38.00,23.00,4.00,7.00
17/05/2019,105.00,91.00,32.00,12.00,3.00,5.00
16/05/2019,87.00,83.00,35.00,10.00,2.00,5.00
15/05/2019,99.00,67.00,32.00,15.00,2.00,5.00
14/05/2019,95.00,75.00,38.00,13.00,1.00,5.00
13/05/2019,99.00,72.00,37.00,12.00,1.00,5.00
12/05/2019,90.00,75.00,43.00,11.00,2.00,4.00
11/05/2019,112.00,61.00,41.00,10.00,1.00,4.00
10/05/2019,107.00,88.00,37.00,13.00,2.00,5.00
9/05/2019,103.00,88.00,37.00,25.00,6.00,7.00
8/05/2019,109.00,86.00,35.00,23.00,5.00,7.00
7/05/2019,122.00,96.00,38.00,22.00,4.00,7.00
6/05/2019,100.00,98.00,39.00,37.00,4.00,11.00
5/05/2019,86.00,85.00,34.00,21.00,4.00,6.00
4/05/2019,78.00,79.00,32.00,12.00,2.00,4.00
3/05/2019,87.00,78.00,34.00,6.00,2.00,3.00
2/05/2019,94.00,95.00,38.00,5.00,1.00,3.00
1/05/2019,100.00,89.00,32.00,7.00,2.00,4.00
30/04/2019,103.00,76.00,34.00,8.00,1.00,4.00
29/04/2019,93.00,74.00,26.6,8.00,1.00,4.00
28/04/2019,106.00,71.00,46.00,8.00,2.00,5.00
27/04/2019,115.00,77.00,38.00,10.00,2.00,5.00
26/04/2019,106.00,87.00,48.00,15.00,2.00,5.00
25/04/2019,85.00,77.00,50.00,12.00,2.00,5.00
24/04/2019,71.00,68.00,53.00,14.00,2.00,5.00
23/04/2019,80.00,60.00,43.00,13.00,1.00,5.00
22/04/2019,77.00,61.00,50.00,18.00,1.00,6.00
21/04/2019,65.00,48.00,32.00,10.00,4.29,4.00
20/04/2019,67.00,46.00,36.00,8.00,4.29,3.00
19/04/2019,78.00,47.00,33.00,9.00,4.29,4.00
18/04/2019,101.00,54.00,41.00,11.00,4.29,4.00
17/04/2019,75.00,78.00,46.00,13.00,4.29,5.00
16/04/2019,91.00,59.00,39.00,8.00,1.00,4.00
15/04/2019,83.00,77.00,46.00,12.00,2.00,4.00
14/04/2019,96.00,67.00,37.00,11.00,4.29,4.00
13/04/2019,77.00,70.00,41.00,17.00,1.00,5.00
12/04/2019,78.00,59.00,51.00,16.00,4.29,5.00
11/04/2019,98.80,73.00,40.00,9.00,4.29,4.00
7/04/2019,74.00,63.33,26.6,15.3,4.29,4.61
6/04/2019,79.00,53.00,21.00,6.00,4.29,3.00
5/04/2019,76.00,56.00,42.00,11.00,1.00,4.00
4/04/2019,97.00,62.00,43.00,6.00,4.29,3.00
3/04/2019,107.00,75.00,37.00,14.00,4.29,5.00
2/04/2019,107.00,80.00,39.00,15.00,4.29,6.00
1/04/2019,89.00,81.00,43.00,14.00,1.00,5.00
31/03/2019,114.00,72.00,33.00,17.00,1.00,5.00
30/03/2019,135.00,84.00,38.00,14.00,1.00,5.00
29/03/2019,139.00,85.00,46.00,17.00,1.00,6.00
28/03/2019,122.00,96.00,45.00,25.00,2.00,7.00
27/03/2019,108.00,90.00,37.00,19.00,1.00,5.00
26/03/2019,111.00,78.00,40.00,19.00,4.29,6.00
25/03/2019,106.00,82.00,37.00,19.00,4.29,6.00
24/03/2019,112.00,74.00,38.00,18.00,4.00,6.00
23/03/2019,101.00,75.00,38.00,16.00,4.29,5.00
22/03/2019,91.00,73.00,40.00,18.00,4.29,6.00
21/03/2019,98.00,65.00,33.00,12.00,1.00,5.00
20/03/2019,101.00,67.00,31.00,11.00,4.29,4.00
19/03/2019,74.00,68.00,27.00,11.00,4.29,4.00
18/03/2019,72.00,56.00,25.00,10.00,4.29,9.00
17/03/2019,98.80,70.00,24.00,12.00,1.00,15.00
16/03/2019,87.00,63.33,26.6,15.3,4.29,4.61
15/03/2019,107.00,70.00,30.00,9.00,1.00,16.00
14/03/2019,98.00,76.00,30.00,12.00,6.00,6.00
13/03/2019,99.00,75.00,27.00,11.00,4.00,2.00
12/03/2019,92.00,75.00,29.00,9.00,1.00,3.00
11/03/2019,86.00,71.00,27.00,11.00,2.00,2.00
10/03/2019,104.00,66.00,27.00,11.00,2.00,3.00
9/03/2019,107.00,69.00,29.00,13.00,2.00,2.00
8/03/2019,98.80,74.00,30.00,14.00,3.00,5.00
5/03/2019,144.00,63.33,26.6,15.3,4.29,4.61
4/03/2019,88.00,103.00,25.00,18.00,1.00,8.00
3/03/2019,98.80,69.00,36.00,14.00,2.00,10.00
2/03/2019,73.00,63.33,26.6,15.3,4.29,4.61
1/03/2019,114.00,50.00,11.00,8.00,2.00,2.00
28/02/2019,119.00,78.00,29.00,16.00,2.00,4.00
27/02/2019,129.00,86.00,32.00,15.00,3.00,3.00
26/02/2019,120.00,81.00,35.00,17.00,2.00,4.00
25/02/2019,106.00,90.00,29.00,19.00,5.00,4.00
24/02/2019,108.00,82.00,34.00,12.00,3.00,3.00
23/02/2019,126.00,70.00,37.00,12.00,3.00,3.00
22/02/2019,99.00,86.00,48.00,21.00,3.00,5.00
21/02/2019,91.00,73.00,36.00,18.00,2.00,4.00
20/02/2019,84.00,65.00,28.00,14.00,4.29,3.00
19/02/2019,127.00,64.00,23.00,12.00,1.00,3.00
18/02/2019,144.00,78.00,30.00,15.00,2.00,4.00
17/02/2019,106.00,85.00,44.00,19.00,2.00,5.00
16/02/2019,108.00,70.00,29.00,14.00,2.00,3.00
15/02/2019,89.00,73.00,34.00,15.00,1.00,4.00
14/02/2019,136.00,66.00,23.00,10.00,1.00,3.00
13/02/2019,140.00,88.00,38.00,24.00,1.00,5.00
12/02/2019,141.00,86.00,36.00,30.00,2.00,5.00
11/02/2019,143.00,80.00,31.00,19.00,4.29,4.00
10/02/2019,123.00,81.00,28.00,16.00,1.00,4.00
9/02/2019,128.00,107.00,23.00,18.00,12.00,2.00
8/02/2019,129.00,106.00,39.00,21.00,7.00,4.00
7/02/2019,133.00,91.00,30.00,25.00,2.00,5.00
6/02/2019,145.00,78.00,37.00,16.00,3.00,3.00
5/02/2019,141.00,88.00,41.00,27.00,2.00,5.00
4/02/2019,143.00,82.00,41.00,26.00,2.00,5.00
3/02/2019,132.00,79.00,38.00,21.00,1.00,4.00
2/02/2019,138.00,71.00,34.00,20.00,2.00,4.00
1/02/2019,146.00,79.00,37.00,25.00,1.00,5.00
31/01/2019,135.00,78.00,43.00,22.00,1.00,4.00
30/01/2019,129.00,78.00,36.00,28.00,2.00,5.00
29/01/2019,144.00,78.00,44.00,27.00,6.00,4.00
28/01/2019,151.00,80.00,33.00,18.00,4.00,3.00
27/01/2019,120.00,72.00,16.00,17.00,2.00,4.00
26/01/2019,84.00,57.00,10.00,11.00,1.00,3.00
25/01/2019,88.00,50.00,20.00,10.00,1.00,3.00
24/01/2019,138.00,63.00,25.00,13.00,1.00,3.00
23/01/2019,137.00,81.00,34.00,23.00,2.00,4.00
22/01/2019,103.00,76.00,31.00,17.00,2.00,3.00
21/01/2019,141.00,69.00,28.00,17.00,1.00,3.00
20/01/2019,146.00,89.00,36.00,23.00,2.00,5.00
19/01/2019,161.00,92.00,39.00,33.00,5.00,6.00
18/01/2019,158.00,101.00,42.00,29.00,5.00,5.00
17/01/2019,156.00,101.00,40.00,30.00,3.00,6.00
16/01/2019,159.00,104.00,44.00,35.00,4.00,7.00
15/01/2019,157.00,99.00,41.00,23.00,4.00,5.00
14/01/2019,156.00,93.00,38.00,23.00,4.00,5.00
13/01/2019,151.00,88.00,39.00,21.00,2.00,5.00
12/01/2019,161.00,79.00,40.00,16.00,2.00,4.00
11/01/2019,159.00,96.00,43.00,22.00,2.00,5.00
10/01/2019,160.00,92.00,43.00,23.00,2.00,5.00
9/01/2019,158.00,101.00,47.00,40.00,11.00,7.00
8/01/2019,156.00,108.00,44.00,50.00,11.00,8.00
7/01/2019,160.00,107.00,38.00,36.00,5.00,8.00
6/01/2019,160.00,103.00,44.00,29.00,2.00,7.00
5/01/2019,154.00,98.00,46.00,20.00,3.00,5.00
4/01/2019,158.00,91.00,45.00,25.00,3.00,5.00
3/01/2019,148.00,95.00,42.00,35.00,7.00,6.00
2/01/2019,151.00,94.00,44.00,41.00,5.00,8.00
1/01/2019,145.00,95.00,43.00,44.00,7.00,7.00
31/12/2018,98.80,94.00,41.00,41.00,17.00,7.00
30/12/2018,154.00,63.33,26.6,15.3,4.29,4.61
29/12/2018,145.00,90.00,46.00,24.00,8.00,5.00
28/12/2018,134.00,90.00,45.00,20.00,11.00,4.00
27/12/2018,146.00,95.00,36.00,24.00,10.00,5.00
26/12/2018,145.00,87.00,31.00,24.00,5.00,5.00
25/12/2018,156.00,83.00,32.00,20.00,3.00,5.00
24/12/2018,158.00,98.00,45.00,28.00,4.00,5.00
23/12/2018,161.00,97.00,35.00,27.00,2.00,6.00
22/12/2018,157.00,86.00,40.00,22.00,2.00,5.00
21/12/2018,123.00,86.00,41.00,26.00,3.00,5.00
20/12/2018,96.00,73.00,34.00,27.00,2.00,5.00
19/12/2018,76.00,67.00,23.00,25.00,1.00,5.00
18/12/2018,50.00,47.00,21.00,16.00,2.00,3.00
17/12/2018,126.00,27.00,15.00,11.00,2.00,2.00
16/12/2018,160.00,64.00,26.00,13.00,5.00,4.00
15/12/2018,158.00,94.00,41.00,15.00,9.00,5.00
14/12/2018,98.80,87.00,34.00,16.00,3.00,4.00
11/12/2018,160.00,63.33,26.6,15.3,4.29,4.61
10/12/2018,160.00,98.00,25.00,17.00,15.00,5.00
9/12/2018,165.00,92.00,28.00,12.00,3.00,4.00
8/12/2018,158.00,91.00,25.00,14.00,3.00,5.00
7/12/2018,142.00,83.00,34.00,15.00,1.00,5.00
6/12/2018,153.00,68.00,25.00,15.00,1.00,5.00
5/12/2018,148.00,86.00,12.00,32.00,1.00,9.00
4/12/2018,159.00,81.00,20.00,16.00,1.00,5.00
3/12/2018,157.00,92.00,44.00,24.00,2.00,5.00
2/12/2018,153.00,92.00,37.00,25.00,2.00,6.00
1/12/2018,152.00,63.33,39.00,29.00,4.00,6.00
30/11/2018,143.00,93.00,39.00,29.00,5.00,5.00
29/11/2018,98.80,91.00,42.00,24.00,7.00,5.00
20/04/2018,158.00,63.33,26.6,15.3,4.29,4.61
19/04/2018,91.00,107.00,15.00,50.00,11.00,17.00
18/04/2018,72.00,76.00,34.00,25.00,3.00,4.00
17/04/2018,80.00,57.00,36.00,13.00,1.00,2.00
16/04/2018,105.00,63.00,40.00,20.00,1.00,4.00
15/04/2018,70.00,72.00,49.00,27.00,1.00,6.00
14/04/2018,52.00,51.00,28.00,15.00,1.00,3.00
13/04/2018,66.00,46.00,39.00,13.00,4.29,3.00
12/04/2018,72.00,55.00,40.00,19.00,4.29,5.00
11/04/2018,70.00,57.00,36.00,19.00,2.00,3.00
10/04/2018,83.00,54.00,31.00,16.00,4.29,3.00
9/04/2018,87.00,66.00,41.00,24.00,4.29,4.00
8/04/2018,76.00,65.00,50.00,21.00,4.29,5.00
7/04/2018,66.00,49.00,38.00,16.00,4.29,4.00
6/04/2018,118.00,49.00,41.00,21.00,1.00,4.00
5/04/2018,103.00,81.00,40.00,25.00,1.00,5.00
4/04/2018,104.00,72.00,37.00,21.00,4.29,4.00
3/04/2018,120.00,69.00,39.00,18.00,1.00,4.00
2/04/2018,87.00,74.00,40.00,23.00,1.00,4.00
1/04/2018,102.00,58.00,36.00,20.00,4.29,3.00
31/03/2018,117.00,72.00,28.00,19.00,1.00,4.00
30/03/2018,120.00,77.00,48.00,17.00,3.00,5.00
29/03/2018,130.00,77.00,42.00,19.00,2.00,5.00
28/03/2018,115.00,85.00,50.00,24.00,4.00,6.00
27/03/2018,131.00,77.00,48.00,20.00,6.00,5.00
26/03/2018,134.00,81.00,48.00,19.00,3.00,4.00
25/03/2018,154.00,84.00,51.00,19.00,2.00,5.00
24/03/2018,133.00,97.00,46.00,27.00,4.00,6.00
23/03/2018,129.00,99.00,45.00,41.00,8.00,8.00
22/03/2018,107.00,100.00,38.00,39.00,11.00,7.00
21/03/2018,134.00,87.00,33.00,26.00,6.00,5.00
20/03/2018,123.00,73.00,26.00,19.00,2.00,9.00
19/03/2018,99.00,71.00,38.00,36.00,5.00,11.00
18/03/2018,95.00,61.00,40.00,22.00,1.00,9.00
17/03/2018,122.00,54.00,32.00,19.00,4.29,7.00
16/03/2018,141.00,62.00,36.00,17.00,1.00,9.00
15/03/2018,108.00,95.00,38.00,26.00,8.00,10.00
14/03/2018,109.00,71.00,39.00,18.00,3.00,8.00
13/03/2018,89.00,72.00,42.00,26.00,2.00,8.00
12/03/2018,94.00,62.00,37.00,21.00,1.00,8.00
11/03/2018,104.00,84.00,37.00,23.00,1.00,7.00
10/03/2018,143.00,65.00,39.00,17.00,1.00,7.00
9/03/2018,128.00,85.00,50.00,21.00,2.00,9.00
8/03/2018,112.00,84.00,45.00,29.00,1.00,9.00
7/03/2018,101.00,71.00,39.00,22.00,3.00,10.00
6/03/2018,110.00,69.00,42.00,18.00,2.00,8.00
5/03/2018,106.00,71.00,45.00,17.00,4.00,7.00
4/03/2018,124.00,72.00,45.00,20.00,4.00,10.00
3/03/2018,110.00,76.00,49.00,24.00,3.00,8.00
2/03/2018,98.80,71.00,48.00,21.00,3.00,8.00
1/03/2018,126.00,63.33,26.6,15.3,4.29,4.61
28/02/2018,136.00,84.00,32.00,34.00,3.00,10.00
27/02/2018,110.00,84.00,44.00,38.00,3.00,11.00
26/02/2018,109.00,77.00,43.00,40.00,4.00,11.00
25/02/2018,68.00,74.00,43.00,36.00,2.00,9.00
24/02/2018,108.00,57.00,32.00,20.00,2.00,4.00
23/02/2018,126.00,77.00,34.00,23.00,1.00,7.00
22/02/2018,137.00,85.00,37.00,30.00,2.00,9.00
21/02/2018,127.00,87.00,41.00,26.00,3.00,9.00
20/02/2018,116.00,76.00,41.00,20.00,2.00,7.00
19/02/2018,112.00,72.00,40.00,20.00,2.00,7.00
18/02/2018,131.00,73.00,45.00,20.00,2.00,7.00
17/02/2018,117.00,89.00,50.00,37.00,3.00,11.00
16/02/2018,116.00,82.00,38.00,31.00,9.00,9.00
15/02/2018,131.00,72.00,34.00,25.00,8.00,7.00
14/02/2018,125.00,82.00,34.00,29.00,5.00,10.00
13/02/2018,116.00,68.00,34.00,18.00,1.00,8.00
12/02/2018,134.00,63.00,31.00,15.00,4.29,6.00
11/02/2018,158.00,64.00,26.00,11.00,4.29,5.00
10/02/2018,122.00,66.00,28.00,18.00,1.00,6.00
9/02/2018,140.00,76.00,31.00,22.00,2.00,8.00
8/02/2018,105.00,78.00,24.00,30.00,4.00,9.00
7/02/2018,129.00,72.00,32.00,34.00,2.00,10.00
6/02/2018,107.00,89.00,37.00,44.00,4.00,10.00
5/02/2018,96.00,71.00,32.00,29.00,2.00,9.00
4/02/2018,93.00,73.00,42.00,21.00,2.00,8.00
3/02/2018,101.00,69.00,44.00,17.00,3.00,8.00
2/02/2018,112.00,73.00,47.00,25.00,4.00,8.00
1/02/2018,114.00,82.00,36.00,43.00,5.00,10.00
31/01/2018,84.00,83.00,36.00,39.00,5.00,11.00
30/01/2018,157.00,79.00,34.00,29.00,5.00,8.00
29/01/2018,145.00,112.00,23.00,32.00,9.00,8.00
28/01/2018,151.00,113.00,45.00,22.00,2.00,9.00
27/01/2018,155.00,89.00,45.00,25.00,2.00,9.00
26/01/2018,150.00,97.00,58.00,30.00,5.00,10.00
25/01/2018,151.00,97.00,72.00,31.00,10.00,9.00
24/01/2018,148.00,101.00,50.00,30.00,8.00,9.00
23/01/2018,138.00,84.00,43.00,21.00,2.00,7.00
22/01/2018,154.00,79.00,44.00,25.00,2.00,8.00
21/01/2018,148.00,86.00,61.00,25.00,3.00,11.00
20/01/2018,135.00,90.00,52.00,31.00,5.00,10.00
19/01/2018,132.00,91.00,50.00,37.00,11.00,12.00
18/01/2018,139.00,91.00,44.00,31.00,6.00,9.00
17/01/2018,139.00,90.00,43.00,30.00,3.00,11.00
16/01/2018,142.00,82.00,47.00,23.00,3.00,8.00
15/01/2018,162.00,82.00,39.00,20.00,3.00,9.00
14/01/2018,158.00,75.00,51.00,17.00,2.00,9.00
13/01/2018,149.00,85.00,49.00,29.00,6.00,10.00
12/01/2018,156.00,98.00,54.00,34.00,13.00,11.00
11/01/2018,162.00,102.00,57.00,38.00,8.00,11.00
10/01/2018,157.00,110.00,75.00,35.00,5.00,11.00
9/01/2018,161.00,102.00,61.00,28.00,5.00,10.00
8/01/2018,158.00,100.00,60.00,28.00,3.00,11.00
7/01/2018,157.00,94.00,53.00,30.00,3.00,10.00
6/01/2018,154.00,98.00,61.00,28.00,4.00,10.00
5/01/2018,156.00,96.00,75.00,37.00,5.00,11.00
4/01/2018,168.00,90.00,62.00,33.00,6.00,11.00
3/01/2018,165.00,108.00,51.00,30.00,9.00,10.00
2/01/2018,155.00,106.00,64.00,25.00,4.00,6.00
1/01/2018,118.00,90.00,61.00,26.00,2.00,16.00
31/12/2017,147.00,89.00,32.00,25.00,2.00,4.61
30/12/2017,142.00,99.00,36.00,40.00,1.00,4.61
29/12/2017,235.00,83.00,49.00,40.00,13.00,4.61
28/12/2017,155.00,104.00,46.00,49.00,18.00,4.61
27/12/2017,134.00,98.00,48.00,32.00,9.00,7.00
26/12/2017,166.00,82.00,39.00,27.00,7.00,6.00
25/12/2017,165.00,108.00,44.00,31.00,6.00,8.00
24/12/2017,172.00,98.00,38.00,25.00,1.00,12.00
23/12/2017,173.00,100.00,44.00,32.00,1.00,9.00
22/12/2017,152.00,108.00,54.00,32.00,4.00,18.00
21/12/2017,162.00,93.00,30.00,35.00,6.00,4.61
20/12/2017,185.00,99.00,84.00,36.00,3.00,36.00
19/12/2017,117.00,105.00,48.00,47.00,5.00,37.00
18/12/2017,158.00,78.00,46.00,28.00,13.00,17.00
17/12/2017,155.00,91.00,40.00,19.00,6.00,5.00
16/12/2017,149.00,91.00,40.00,34.00,3.00,43.00
15/12/2017,148.00,85.00,44.00,36.00,2.00,7.00
14/12/2017,145.00,75.00,40.00,26.00,2.00,89.00
13/12/2017,148.00,79.00,44.00,26.00,2.00,8.00
12/12/2017,150.00,88.00,53.00,36.00,2.00,11.00
11/12/2017,121.00,92.00,82.00,44.00,5.00,13.00
10/12/2017,105.00,79.00,46.00,30.00,13.00,12.00
9/12/2017,145.00,73.00,40.00,22.00,14.00,6.00
8/12/2017,159.00,112.00,48.00,19.00,7.00,8.00
7/12/2017,154.00,109.00,52.00,21.00,10.00,11.00
6/12/2017,126.00,91.00,48.00,25.00,3.00,13.00
5/12/2017,136.00,67.00,33.00,16.00,1.00,10.00
4/12/2017,154.00,69.00,37.00,17.00,1.00,8.00
3/12/2017,155.00,76.00,45.00,20.00,2.00,9.00
2/12/2017,153.00,83.00,52.00,23.00,3.00,9.00
1/12/2017,150.00,78.00,46.00,20.00,4.00,11.00
30/11/2017,144.00,79.00,46.00,23.00,3.00,10.00
29/11/2017,147.00,76.00,55.00,29.00,4.00,10.00
28/11/2017,196.00,80.00,51.00,29.00,4.00,12.00
27/11/2017,156.00,107.00,70.00,25.00,6.00,12.00
26/11/2017,186.00,97.00,57.00,29.00,10.00,9.00
25/11/2017,152.00,91.00,40.00,34.00,6.00,13.00
24/11/2017,151.00,84.00,47.00,18.00,4.00,9.00
23/11/2017,216.00,85.00,50.00,19.00,1.00,11.00
22/11/2017,98.00,57.00,35.00,15.00,2.00,10.00
21/11/2017,102.00,58.00,48.00,16.00,1.00,9.00
20/11/2017,109.00,56.00,34.00,22.00,2.00,10.00
19/11/2017,86.00,61.00,39.00,24.00,2.00,11.00
18/11/2017,182.00,53.00,35.00,18.00,3.00,8.00
17/11/2017,95.00,47.00,33.00,16.00,3.00,8.00
16/11/2017,103.00,60.00,26.00,20.00,6.00,8.00
15/11/2017,126.00,66.00,29.00,16.00,5.00,9.00
14/11/2017,128.00,78.00,34.00,20.00,8.00,9.00
13/11/2017,135.00,78.00,31.00,24.00,6.00,10.00
12/11/2017,98.80,80.00,48.00,23.00,9.00,10.00
